id,family,renderer,source_of_truth,tutorial_resource,content_model,code_truth,experiment,ai_friendly,protocol_boundary,desktop,mobile,keyboard,reduced_motion,completion,verdict,evidence,reviewer,date
cosmos,theme,portfolio-theme,src/themes/cosmos.css,specimens/learning/items/cosmos.json,PASS_STATIC_R3,PASS_STATIC_R3,PASS_STATIC_RELEVANCE_R3,PASS_STATIC_R3,PASS_RUNTIME_PROTOCOL_R5,PASS_RUNTIME_DESKTOP_R5,PASS_RUNTIME_NARROW_R5,PASS_STATIC_SEMANTICS_R5,PASS_RUNTIME_REDUCED_R5,PASS_MODEL_R3,PASS,docs/history/2026-08-15-learning-system-v1/reviews/learning-tutorial-review-round3.md#2,learning_reviewer,2026-08-15
paper,theme,portfolio-theme,src/themes/paper.css,specimens/learning/items/paper.json,PASS_STATIC_R3,PASS_STATIC_R3,PASS_STATIC_RELEVANCE_R3,PASS_STATIC_R3,PASS_RUNTIME_PROTOCOL_R5,PASS_RUNTIME_DESKTOP_R5,PASS_RUNTIME_NARROW_R5,PASS_STATIC_SEMANTICS_R5,PASS_RUNTIME_REDUCED_R5,PASS_MODEL_R3,PASS,docs/history/2026-08-15-learning-system-v1/reviews/learning-tutorial-review-round3.md#2,learning_reviewer,2026-08-15
terminal,theme,portfolio-theme,src/themes/terminal.css,specimens/learning/items/terminal.json,PASS_STATIC_R3,PASS_STATIC_R3,PASS_STATIC_RELEVANCE_R3,PASS_STATIC_R3,PASS_RUNTIME_PROTOCOL_R5,PASS_RUNTIME_DESKTOP_R5,PASS_RUNTIME_NARROW_R5,PASS_STATIC_SEMANTICS_R5,PASS_RUNTIME_REDUCED_R5,PASS_MODEL_R3,PASS,docs/history/2026-08-15-learning-system-v1/reviews/learning-tutorial-review-round3.md#2,learning_reviewer,2026-08-15
sunset,theme,portfolio-theme,src/themes/sunset.css,specimens/learning/items/sunset.json,PASS_STATIC_R4,PASS_STATIC_R4,PASS_STATIC_RELEVANCE_R4,PASS_STATIC_R4,PASS_RUNTIME_PROTOCOL_R5,PASS_RUNTIME_DESKTOP_R5,PASS_RUNTIME_NARROW_R5,PASS_STATIC_SEMANTICS_R5,PASS_RUNTIME_REDUCED_R5,PASS_MODEL_R4,PASS,docs/history/2026-08-15-learning-system-v1/reviews/learning-tutorial-review-round4.md#1,learning_reviewer,2026-08-15
cyberpunk,theme,portfolio-theme,src/themes/cyberpunk.css,specimens/learning/items/cyberpunk.json,PASS_STATIC_R3,PASS_STATIC_R3,PASS_STATIC_RELEVANCE_R3,PASS_STATIC_R3,PASS_RUNTIME_PROTOCOL_R5,PASS_RUNTIME_DESKTOP_R5,PASS_RUNTIME_NARROW_R5,PASS_STATIC_SEMANTICS_R5,PASS_RUNTIME_REDUCED_R5,PASS_MODEL_R3,PASS,docs/history/2026-08-15-learning-system-v1/reviews/learning-tutorial-review-round3.md#2,learning_reviewer,2026-08-15
neumorphism,theme,portfolio-theme,src/themes/neumorphism.css,specimens/learning/items/neumorphism.json,PASS_STATIC_R3,PASS_STATIC_R3,PASS_STATIC_RELEVANCE_R3,PASS_STATIC_R3,PASS_RUNTIME_PROTOCOL_R5,PASS_RUNTIME_DESKTOP_R5,PASS_RUNTIME_NARROW_R5,PASS_STATIC_SEMANTICS_R5,PASS_RUNTIME_REDUCED_R5,PASS_MODEL_R3,PASS,docs/history/2026-08-15-learning-system-v1/reviews/learning-tutorial-review-round3.md#2,learning_reviewer,2026-08-15
swiss,theme,portfolio-theme,src/themes/swiss.css,specimens/learning/items/swiss.json,PASS_STATIC_R4,PASS_STATIC_R4,PASS_STATIC_RELEVANCE_R4,PASS_STATIC_R4,PASS_RUNTIME_PROTOCOL_R5,PASS_RUNTIME_DESKTOP_R5,PASS_RUNTIME_NARROW_R5,PASS_STATIC_SEMANTICS_R5,PASS_RUNTIME_REDUCED_R5,PASS_MODEL_R4,PASS,docs/history/2026-08-15-learning-system-v1/reviews/learning-tutorial-review-round4.md#1,learning_reviewer,2026-08-15
glass,theme,portfolio-theme,src/themes/glass.css,specimens/learning/items/glass.json,PASS_STATIC_R3,PASS_STATIC_R3,PASS_STATIC_RELEVANCE_R3,PASS_STATIC_R3,PASS_RUNTIME_PROTOCOL_R5,PASS_RUNTIME_DESKTOP_R5,PASS_RUNTIME_NARROW_R5,PASS_STATIC_SEMANTICS_R5,PASS_RUNTIME_REDUCED_R5,PASS_MODEL_R3,PASS,docs/history/2026-08-15-learning-system-v1/reviews/learning-tutorial-review-round3.md#2,learning_reviewer,2026-08-15
pixel,theme,portfolio-theme,src/themes/pixel.css,specimens/learning/items/pixel.json,PASS_STATIC_R4,PASS_STATIC_R4,PASS_STATIC_RELEVANCE_R4,PASS_STATIC_R4,PASS_RUNTIME_PROTOCOL_R5,PASS_RUNTIME_DESKTOP_R5,PASS_RUNTIME_NARROW_R5,PASS_STATIC_SEMANTICS_R5,PASS_RUNTIME_REDUCED_R5,PASS_MODEL_R4,PASS,docs/history/2026-08-15-learning-system-v1/reviews/learning-tutorial-review-round4.md#1,learning_reviewer,2026-08-15
brutalist,theme,portfolio-theme,src/themes/brutalist.css,specimens/learning/items/brutalist.json,PASS_STATIC_R3,PASS_STATIC_R3,PASS_STATIC_RELEVANCE_R3,PASS_STATIC_R3,PASS_RUNTIME_PROTOCOL_R5,PASS_RUNTIME_DESKTOP_R5,PASS_RUNTIME_NARROW_R5,PASS_STATIC_SEMANTICS_R5,PASS_RUNTIME_REDUCED_R5,PASS_MODEL_R3,PASS,docs/history/2026-08-15-learning-system-v1/reviews/learning-tutorial-review-round3.md#2,learning_reviewer,2026-08-15
editorial,theme,portfolio-theme,src/themes/editorial.css,specimens/learning/items/editorial.json,PASS_STATIC_R4,PASS_STATIC_R4,PASS_STATIC_RELEVANCE_R4,PASS_STATIC_R4,PASS_RUNTIME_PROTOCOL_R5,PASS_RUNTIME_DESKTOP_R5,PASS_RUNTIME_NARROW_R5,PASS_STATIC_SEMANTICS_R5,PASS_RUNTIME_REDUCED_R5,PASS_MODEL_R4,PASS,docs/history/2026-08-15-learning-system-v1/reviews/learning-tutorial-review-round4.md#1,learning_reviewer,2026-08-15
artdeco,theme,portfolio-theme,src/themes/artdeco.css,specimens/learning/items/artdeco.json,PASS_STATIC_R3,PASS_STATIC_R3,PASS_STATIC_RELEVANCE_R3,PASS_STATIC_R3,PASS_RUNTIME_PROTOCOL_R5,PASS_RUNTIME_DESKTOP_R5,PASS_RUNTIME_NARROW_R5,PASS_STATIC_SEMANTICS_R5,PASS_RUNTIME_REDUCED_R5,PASS_MODEL_R3,PASS,docs/history/2026-08-15-learning-system-v1/reviews/learning-tutorial-review-round3.md#2,learning_reviewer,2026-08-15
vaporwave,theme,portfolio-theme,src/themes/vaporwave.css,specimens/learning/items/vaporwave.json,PASS_STATIC_R4,PASS_STATIC_R4,PASS_STATIC_RELEVANCE_R4,PASS_STATIC_R4,PASS_RUNTIME_PROTOCOL_R5,PASS_RUNTIME_DESKTOP_R5,PASS_RUNTIME_NARROW_R5,PASS_STATIC_SEMANTICS_R5,PASS_RUNTIME_REDUCED_R5,PASS_MODEL_R4,PASS,docs/history/2026-08-15-learning-system-v1/reviews/learning-tutorial-review-round4.md#1,learning_reviewer,2026-08-15
blueprint,theme,portfolio-theme,src/themes/blueprint.css,specimens/learning/items/blueprint.json,PASS_STATIC_R3,PASS_STATIC_R3,PASS_STATIC_RELEVANCE_R3,PASS_STATIC_R3,PASS_RUNTIME_PROTOCOL_R5,PASS_RUNTIME_DESKTOP_R5,PASS_RUNTIME_NARROW_R5,PASS_STATIC_SEMANTICS_R5,PASS_RUNTIME_REDUCED_R5,PASS_MODEL_R3,PASS,docs/history/2026-08-15-learning-system-v1/reviews/learning-tutorial-review-round3.md#2,learning_reviewer,2026-08-15
zen,theme,portfolio-theme,src/themes/zen.css,specimens/learning/items/zen.json,PASS_STATIC_R4,PASS_STATIC_R4,PASS_STATIC_RELEVANCE_R4,PASS_STATIC_R4,PASS_RUNTIME_PROTOCOL_R5,PASS_RUNTIME_DESKTOP_R5,PASS_RUNTIME_NARROW_R5,PASS_STATIC_SEMANTICS_R5,PASS_RUNTIME_REDUCED_R5,PASS_MODEL_R4,PASS,docs/history/2026-08-15-learning-system-v1/reviews/learning-tutorial-review-round4.md#1,learning_reviewer,2026-08-15
risograph,theme,portfolio-theme,src/themes/risograph.css,specimens/learning/items/risograph.json,PASS_STATIC_R3,PASS_STATIC_R3,PASS_STATIC_RELEVANCE_R3,PASS_STATIC_R3,PASS_RUNTIME_PROTOCOL_R5,PASS_RUNTIME_DESKTOP_R5,PASS_RUNTIME_NARROW_R5,PASS_STATIC_SEMANTICS_R5,PASS_RUNTIME_REDUCED_R5,PASS_MODEL_R3,PASS,docs/history/2026-08-15-learning-system-v1/reviews/learning-tutorial-review-round3.md#2,learning_reviewer,2026-08-15
popart,theme,portfolio-theme,src/themes/popart.css,specimens/learning/items/popart.json,PASS_STATIC_R4,PASS_STATIC_R4,PASS_STATIC_RELEVANCE_R4,PASS_STATIC_R4,PASS_RUNTIME_PROTOCOL_R5,PASS_RUNTIME_DESKTOP_R5,PASS_RUNTIME_NARROW_R5,PASS_STATIC_SEMANTICS_R5,PASS_RUNTIME_REDUCED_R5,PASS_MODEL_R4,PASS,docs/history/2026-08-15-learning-system-v1/reviews/learning-tutorial-review-round4.md#1,learning_reviewer,2026-08-15
aurora,theme,portfolio-theme,src/themes/aurora.css,specimens/learning/items/aurora.json,PASS_STATIC_R3,PASS_STATIC_R3,PASS_STATIC_RELEVANCE_R3,PASS_STATIC_R3,PASS_RUNTIME_PROTOCOL_R5,PASS_RUNTIME_DESKTOP_R5,PASS_RUNTIME_NARROW_R5,PASS_STATIC_SEMANTICS_R5,PASS_RUNTIME_REDUCED_R5,PASS_MODEL_R3,PASS,docs/history/2026-08-15-learning-system-v1/reviews/learning-tutorial-review-round3.md#2,learning_reviewer,2026-08-15
chalkboard,theme,portfolio-theme,src/themes/chalkboard.css,specimens/learning/items/chalkboard.json,PASS_STATIC_R4,PASS_STATIC_R4,PASS_STATIC_RELEVANCE_R4,PASS_STATIC_R4,PASS_RUNTIME_PROTOCOL_R5,PASS_RUNTIME_DESKTOP_R5,PASS_RUNTIME_NARROW_R5,PASS_STATIC_SEMANTICS_R5,PASS_RUNTIME_REDUCED_R5,PASS_MODEL_R4,PASS,docs/history/2026-08-15-learning-system-v1/reviews/learning-tutorial-review-round4.md#1,learning_reviewer,2026-08-15
memphis,theme,portfolio-theme,src/themes/memphis.css,specimens/learning/items/memphis.json,PASS_STATIC_R4,PASS_STATIC_R4,PASS_STATIC_RELEVANCE_R4,PASS_STATIC_R4,PASS_RUNTIME_PROTOCOL_R5,PASS_RUNTIME_DESKTOP_R5,PASS_RUNTIME_NARROW_R5,PASS_STATIC_SEMANTICS_R5,PASS_RUNTIME_REDUCED_R5,PASS_MODEL_R4,PASS,docs/history/2026-08-15-learning-system-v1/reviews/learning-tutorial-review-round4.md#1,learning_reviewer,2026-08-15
midnight,theme,portfolio-theme,src/themes/midnight.css,specimens/learning/items/midnight.json,PASS_STATIC_R4,PASS_STATIC_R4,PASS_STATIC_RELEVANCE_R4,PASS_STATIC_R4,PASS_RUNTIME_PROTOCOL_R5,PASS_RUNTIME_DESKTOP_R5,PASS_RUNTIME_NARROW_R5,PASS_STATIC_SEMANTICS_R5,PASS_RUNTIME_REDUCED_R5,PASS_MODEL_R4,PASS,docs/history/2026-08-15-learning-system-v1/reviews/learning-tutorial-review-round4.md#1,learning_reviewer,2026-08-15
monochrome,theme,portfolio-theme,src/themes/monochrome.css,specimens/learning/items/monochrome.json,PASS_STATIC_R4,PASS_STATIC_R4,PASS_STATIC_RELEVANCE_R4,PASS_STATIC_R4,PASS_RUNTIME_PROTOCOL_R5,PASS_RUNTIME_DESKTOP_R5,PASS_RUNTIME_NARROW_R5,PASS_STATIC_SEMANTICS_R5,PASS_RUNTIME_REDUCED_R5,PASS_MODEL_R4,PASS,docs/history/2026-08-15-learning-system-v1/reviews/learning-tutorial-review-round4.md#1,learning_reviewer,2026-08-15
watercolor,theme,portfolio-theme,src/themes/watercolor.css,specimens/learning/items/watercolor.json,PASS_STATIC_R3,PASS_STATIC_R3,PASS_STATIC_RELEVANCE_R3,PASS_STATIC_R3,PASS_RUNTIME_PROTOCOL_R5,PASS_RUNTIME_DESKTOP_R5,PASS_RUNTIME_NARROW_R5,PASS_STATIC_SEMANTICS_R5,PASS_RUNTIME_REDUCED_R5,PASS_MODEL_R3,PASS,docs/history/2026-08-15-learning-system-v1/reviews/learning-tutorial-review-round3.md#2,learning_reviewer,2026-08-15
botanical,theme,portfolio-theme,src/themes/botanical.css,specimens/learning/items/botanical.json,PASS_STATIC_R3,PASS_STATIC_R3,PASS_STATIC_RELEVANCE_R3,PASS_STATIC_R3,PASS_RUNTIME_PROTOCOL_R5,PASS_RUNTIME_DESKTOP_R5,PASS_RUNTIME_NARROW_R5,PASS_STATIC_SEMANTICS_R5,PASS_RUNTIME_REDUCED_R5,PASS_MODEL_R3,PASS,docs/history/2026-08-15-learning-system-v1/reviews/learning-tutorial-review-round3.md#2,learning_reviewer,2026-08-15
parchment,theme,portfolio-theme,src/themes/parchment.css,specimens/learning/items/parchment.json,PASS_STATIC_R4,PASS_STATIC_R4,PASS_STATIC_RELEVANCE_R4,PASS_STATIC_R4,PASS_RUNTIME_PROTOCOL_R5,PASS_RUNTIME_DESKTOP_R5,PASS_RUNTIME_NARROW_R5,PASS_STATIC_SEMANTICS_R5,PASS_RUNTIME_REDUCED_R5,PASS_MODEL_R4,PASS,docs/history/2026-08-15-learning-system-v1/reviews/learning-tutorial-review-round4.md#1,learning_reviewer,2026-08-15
bauhaus,theme,portfolio-theme,src/themes/bauhaus.css,specimens/learning/items/bauhaus.json,PASS_STATIC_R4,PASS_STATIC_R4,PASS_STATIC_RELEVANCE_R4,PASS_STATIC_R4,PASS_RUNTIME_PROTOCOL_R5,PASS_RUNTIME_DESKTOP_R5,PASS_RUNTIME_NARROW_R5,PASS_STATIC_SEMANTICS_R5,PASS_RUNTIME_REDUCED_R5,PASS_MODEL_R4,PASS,docs/history/2026-08-15-learning-system-v1/reviews/learning-tutorial-review-round4.md#1,learning_reviewer,2026-08-15
y2k,theme,portfolio-theme,src/themes/y2k.css,specimens/learning/items/y2k.json,PASS_STATIC_R4,PASS_STATIC_R4,PASS_STATIC_RELEVANCE_R4,PASS_STATIC_R4,PASS_RUNTIME_PROTOCOL_R5,PASS_RUNTIME_DESKTOP_R5,PASS_RUNTIME_NARROW_R5,PASS_STATIC_SEMANTICS_R5,PASS_RUNTIME_REDUCED_R5,PASS_MODEL_R4,PASS,docs/history/2026-08-15-learning-system-v1/reviews/learning-tutorial-review-round4.md#1,learning_reviewer,2026-08-15
matrix,theme,portfolio-theme,src/themes/matrix.css,specimens/learning/items/matrix.json,PASS_STATIC_R3,PASS_STATIC_R3,PASS_STATIC_RELEVANCE_R3,PASS_STATIC_R3,PASS_RUNTIME_PROTOCOL_R5,PASS_RUNTIME_DESKTOP_R5,PASS_RUNTIME_NARROW_R5,PASS_STATIC_SEMANTICS_R5,PASS_RUNTIME_REDUCED_R5,PASS_MODEL_R3,PASS,docs/history/2026-08-15-learning-system-v1/reviews/learning-tutorial-review-round3.md#2,learning_reviewer,2026-08-15
clay,theme,portfolio-theme,src/themes/clay.css,specimens/learning/items/clay.json,PASS_STATIC_R4,PASS_STATIC_R4,PASS_STATIC_RELEVANCE_R4,PASS_STATIC_R4,PASS_RUNTIME_PROTOCOL_R5,PASS_RUNTIME_DESKTOP_R5,PASS_RUNTIME_NARROW_R5,PASS_STATIC_SEMANTICS_R5,PASS_RUNTIME_REDUCED_R5,PASS_MODEL_R4,PASS,docs/history/2026-08-15-learning-system-v1/reviews/learning-tutorial-review-round4.md#1,learning_reviewer,2026-08-15
candy,theme,portfolio-theme,src/themes/candy.css,specimens/learning/items/candy.json,PASS_STATIC_R4,PASS_STATIC_R4,PASS_STATIC_RELEVANCE_R4,PASS_STATIC_R4,PASS_RUNTIME_PROTOCOL_R5,PASS_RUNTIME_DESKTOP_R5,PASS_RUNTIME_NARROW_R5,PASS_STATIC_SEMANTICS_R5,PASS_RUNTIME_REDUCED_R5,PASS_MODEL_R4,PASS,docs/history/2026-08-15-learning-system-v1/reviews/learning-tutorial-review-round4.md#1,learning_reviewer,2026-08-15
layout-classic,layout,portfolio-layout,src/layouts/classic.css,specimens/learning/items/layout-classic.json,PASS_STATIC_R3,PASS_STATIC_R3,PASS_STATIC_RELEVANCE_R3,PASS_STATIC_R3,PASS_RUNTIME_PROTOCOL_R5,PASS_RUNTIME_DESKTOP_R5,PASS_RUNTIME_NARROW_R5,PASS_STATIC_SEMANTICS_R5,PASS_RUNTIME_REDUCED_R5,PASS_MODEL_R3,PASS,docs/history/2026-08-15-learning-system-v1/reviews/learning-tutorial-review-round3.md#2,learning_reviewer,2026-08-15
layout-magazine,layout,portfolio-layout,src/layouts/magazine.css,specimens/learning/items/layout-magazine.json,PASS_STATIC_R3,PASS_STATIC_R3,PASS_STATIC_RELEVANCE_R3,PASS_STATIC_R3,PASS_RUNTIME_PROTOCOL_R5,PASS_RUNTIME_DESKTOP_R5,PASS_RUNTIME_NARROW_R5,PASS_STATIC_SEMANTICS_R5,PASS_RUNTIME_REDUCED_R5,PASS_MODEL_R3,PASS,docs/history/2026-08-15-learning-system-v1/reviews/learning-tutorial-review-round3.md#2,learning_reviewer,2026-08-15
layout-side-nav,layout,portfolio-layout,src/layouts/side-nav.css,specimens/learning/items/layout-side-nav.json,PASS_STATIC_R4,PASS_STATIC_R4,PASS_STATIC_RELEVANCE_R4,PASS_STATIC_R4,PASS_RUNTIME_PROTOCOL_R5,PASS_RUNTIME_DESKTOP_R5,PASS_RUNTIME_NARROW_R5,PASS_STATIC_SEMANTICS_R5,PASS_RUNTIME_REDUCED_R5,PASS_MODEL_R4,PASS,docs/history/2026-08-15-learning-system-v1/reviews/learning-tutorial-review-round4.md#1,learning_reviewer,2026-08-15
layout-hero-full,layout,portfolio-layout,src/layouts/hero-full.css,specimens/learning/items/layout-hero-full.json,PASS_STATIC_R4,PASS_STATIC_R4,PASS_STATIC_RELEVANCE_R4,PASS_STATIC_R4,PASS_RUNTIME_PROTOCOL_R5,PASS_RUNTIME_DESKTOP_R5,PASS_RUNTIME_NARROW_R5,PASS_STATIC_SEMANTICS_R5,PASS_RUNTIME_REDUCED_R5,PASS_MODEL_R4,PASS,docs/history/2026-08-15-learning-system-v1/reviews/learning-tutorial-review-round4.md#1,learning_reviewer,2026-08-15
layout-masonry,layout,portfolio-layout,src/layouts/masonry.css,specimens/learning/items/layout-masonry.json,PASS_STATIC_R3,PASS_STATIC_R3,PASS_STATIC_RELEVANCE_R3,PASS_STATIC_R3,PASS_RUNTIME_PROTOCOL_R5,PASS_RUNTIME_DESKTOP_R5,PASS_RUNTIME_NARROW_R5,PASS_STATIC_SEMANTICS_R5,PASS_RUNTIME_REDUCED_R5,PASS_MODEL_R3,PASS,docs/history/2026-08-15-learning-system-v1/reviews/learning-tutorial-review-round3.md#2,learning_reviewer,2026-08-15
layout-timeline,layout,portfolio-layout,src/layouts/timeline.css,specimens/learning/items/layout-timeline.json,PASS_STATIC_R4,PASS_STATIC_R4,PASS_STATIC_RELEVANCE_R4,PASS_STATIC_R4,PASS_RUNTIME_PROTOCOL_R5,PASS_RUNTIME_DESKTOP_R5,PASS_RUNTIME_NARROW_R5,PASS_STATIC_SEMANTICS_R5,PASS_RUNTIME_REDUCED_R5,PASS_MODEL_R4,PASS,docs/history/2026-08-15-learning-system-v1/reviews/learning-tutorial-review-round4.md#1,learning_reviewer,2026-08-15
layout-centered,layout,portfolio-layout,src/layouts/centered.css,specimens/learning/items/layout-centered.json,PASS_STATIC_R4,PASS_STATIC_R4,PASS_STATIC_RELEVANCE_R4,PASS_STATIC_R4,PASS_RUNTIME_PROTOCOL_R5,PASS_RUNTIME_DESKTOP_R5,PASS_RUNTIME_NARROW_R5,PASS_STATIC_SEMANTICS_R5,PASS_RUNTIME_REDUCED_R5,PASS_MODEL_R4,PASS,docs/history/2026-08-15-learning-system-v1/reviews/learning-tutorial-review-round4.md#1,learning_reviewer,2026-08-15
layout-horizontal,layout,portfolio-layout,src/layouts/horizontal.css,specimens/learning/items/layout-horizontal.json,PASS_STATIC_R3,PASS_STATIC_R3,PASS_STATIC_RELEVANCE_R3,PASS_STATIC_R3,PASS_RUNTIME_PROTOCOL_R5,PASS_RUNTIME_DESKTOP_R5,PASS_RUNTIME_NARROW_R5,PASS_STATIC_SEMANTICS_R5,PASS_RUNTIME_REDUCED_R5,PASS_MODEL_R3,PASS,docs/history/2026-08-15-learning-system-v1/reviews/learning-tutorial-review-round3.md#2,learning_reviewer,2026-08-15
layout-newspaper,layout,portfolio-layout,src/layouts/newspaper.css,specimens/learning/items/layout-newspaper.json,PASS_STATIC_R5,PASS_STATIC_R5,PASS_STATIC_RELEVANCE_R5,PASS_STATIC_R5,PASS_RUNTIME_PROTOCOL_R5,PASS_RUNTIME_DESKTOP_R5,PASS_RUNTIME_NARROW_R5,PASS_STATIC_SEMANTICS_R5,PASS_RUNTIME_REDUCED_R5,PASS_MODEL_R5,PASS,docs/history/2026-08-15-learning-system-v1/reviews/learning-tutorial-review-round5.md#1,learning_reviewer,2026-08-15
layout-dashboard,layout,portfolio-layout,src/layouts/dashboard.css,specimens/learning/items/layout-dashboard.json,PASS_STATIC_R3,PASS_STATIC_R3,PASS_STATIC_RELEVANCE_R3,PASS_STATIC_R3,PASS_RUNTIME_PROTOCOL_R5,PASS_RUNTIME_DESKTOP_R5,PASS_RUNTIME_NARROW_R5,PASS_STATIC_SEMANTICS_R5,PASS_RUNTIME_REDUCED_R5,PASS_MODEL_R3,PASS,docs/history/2026-08-15-learning-system-v1/reviews/learning-tutorial-review-round3.md#2,learning_reviewer,2026-08-15
layout-split-screen,layout,portfolio-layout,src/layouts/split-screen.css,specimens/learning/items/layout-split-screen.json,PASS_STATIC_R3,PASS_STATIC_R3,PASS_STATIC_RELEVANCE_R3,PASS_STATIC_R3,PASS_RUNTIME_PROTOCOL_R5,PASS_RUNTIME_DESKTOP_R5,PASS_RUNTIME_NARROW_R5,PASS_STATIC_SEMANTICS_R5,PASS_RUNTIME_REDUCED_R5,PASS_MODEL_R3,PASS,docs/history/2026-08-15-learning-system-v1/reviews/learning-tutorial-review-round3.md#2,learning_reviewer,2026-08-15
layout-reverse,layout,portfolio-layout,src/layouts/reverse.css,specimens/learning/items/layout-reverse.json,PASS_STATIC_R5,PASS_STATIC_R5,PASS_STATIC_RELEVANCE_R5,PASS_STATIC_R5,PASS_RUNTIME_PROTOCOL_R5,PASS_RUNTIME_DESKTOP_R5,PASS_RUNTIME_NARROW_R5,PASS_RUNTIME_ORDERED_NAV_R5,PASS_RUNTIME_REDUCED_R5,PASS_MODEL_R5,PASS,docs/history/2026-08-15-learning-system-v1/reviews/learning-tutorial-review-round5.md#5,learning_reviewer,2026-08-15
layout-staggered,layout,portfolio-layout,src/layouts/staggered.css,specimens/learning/items/layout-staggered.json,PASS_STATIC_R5,PASS_STATIC_R5,PASS_STATIC_RELEVANCE_R5,PASS_STATIC_R5,PASS_RUNTIME_PROTOCOL_R5,PASS_RUNTIME_DESKTOP_R5,PASS_RUNTIME_NARROW_R5,PASS_STATIC_SEMANTICS_R5,PASS_RUNTIME_REDUCED_R5,PASS_MODEL_R5,PASS,docs/history/2026-08-15-learning-system-v1/reviews/learning-tutorial-review-round5.md#1,learning_reviewer,2026-08-15
layout-bands,layout,portfolio-layout,src/layouts/bands.css,specimens/learning/items/layout-bands.json,PASS_STATIC_R5,PASS_STATIC_R5,PASS_STATIC_RELEVANCE_R5,PASS_STATIC_R5,PASS_RUNTIME_PROTOCOL_R5,PASS_RUNTIME_DESKTOP_R5,PASS_RUNTIME_NARROW_R5,PASS_STATIC_SEMANTICS_R5,PASS_RUNTIME_REDUCED_R5,PASS_MODEL_R5,PASS,docs/history/2026-08-15-learning-system-v1/reviews/learning-tutorial-review-round5.md#1,learning_reviewer,2026-08-15
layout-grid9,layout,portfolio-layout,src/layouts/grid9.css,specimens/learning/items/layout-grid9.json,PASS_STATIC_R3,PASS_STATIC_R3,PASS_STATIC_RELEVANCE_R3,PASS_STATIC_R3,PASS_RUNTIME_PROTOCOL_R5,PASS_RUNTIME_DESKTOP_R5,PASS_RUNTIME_NARROW_R5,PASS_STATIC_SEMANTICS_R5,PASS_RUNTIME_REDUCED_R5,PASS_MODEL_R3,PASS,docs/history/2026-08-15-learning-system-v1/reviews/learning-tutorial-review-round3.md#2,learning_reviewer,2026-08-15
layout-tabbed,layout,portfolio-layout,src/layouts/tabbed.css,specimens/learning/items/layout-tabbed.json,PASS_STATIC_R3,PASS_STATIC_R3,PASS_STATIC_RELEVANCE_R3,PASS_STATIC_R3,PASS_RUNTIME_PROTOCOL_R5,PASS_RUNTIME_DESKTOP_R5,PASS_RUNTIME_NARROW_R5,PASS_RUNTIME_TOUCH_KEYBOARD_R5,PASS_RUNTIME_REDUCED_R5,PASS_MODEL_R3,PASS,docs/history/2026-08-15-learning-system-v1/reviews/learning-tutorial-review-round5.md#5,learning_reviewer,2026-08-15
layout-accordion,layout,portfolio-layout,src/layouts/accordion.css,specimens/learning/items/layout-accordion.json,PASS_STATIC_R3,PASS_STATIC_R3,PASS_STATIC_RELEVANCE_R3,PASS_STATIC_R3,PASS_RUNTIME_PROTOCOL_R5,PASS_RUNTIME_DESKTOP_R5,PASS_RUNTIME_NARROW_R5,PASS_RUNTIME_TOUCH_KEYBOARD_R5,PASS_RUNTIME_REDUCED_R5,PASS_MODEL_R3,PASS,docs/history/2026-08-15-learning-system-v1/reviews/learning-tutorial-review-round5.md#5,learning_reviewer,2026-08-15
layout-chatflow,layout,portfolio-layout,src/layouts/chatflow.css,specimens/learning/items/layout-chatflow.json,PASS_STATIC_R3,PASS_STATIC_R3,PASS_STATIC_RELEVANCE_R3,PASS_STATIC_R3,PASS_RUNTIME_PROTOCOL_R5,PASS_RUNTIME_DESKTOP_R5,PASS_RUNTIME_NARROW_R5,PASS_STATIC_SEMANTICS_R5,PASS_RUNTIME_REDUCED_R5,PASS_MODEL_R3,PASS,docs/history/2026-08-15-learning-system-v1/reviews/learning-tutorial-review-round3.md#2,learning_reviewer,2026-08-15
layout-panes,layout,portfolio-layout,src/layouts/panes.css,specimens/learning/items/layout-panes.json,PASS_STATIC_R3,PASS_STATIC_R3,PASS_STATIC_RELEVANCE_R3,PASS_STATIC_R3,PASS_RUNTIME_PROTOCOL_R5,PASS_RUNTIME_DESKTOP_R5,PASS_RUNTIME_NARROW_R5,PASS_STATIC_SEMANTICS_R5,PASS_RUNTIME_REDUCED_R5,PASS_MODEL_R3,PASS,docs/history/2026-08-15-learning-system-v1/reviews/learning-tutorial-review-round3.md#2,learning_reviewer,2026-08-15
layout-album-rows,layout,portfolio-layout,src/layouts/album-rows.css,specimens/learning/items/layout-album-rows.json,PASS_STATIC_R5,PASS_STATIC_R5,PASS_STATIC_RELEVANCE_R5,PASS_STATIC_R5,PASS_RUNTIME_PROTOCOL_R5,PASS_RUNTIME_DESKTOP_R5,PASS_RUNTIME_NARROW_R5,PASS_STATIC_SEMANTICS_R5,PASS_RUNTIME_REDUCED_R5,PASS_MODEL_R5,PASS,docs/history/2026-08-15-learning-system-v1/reviews/learning-tutorial-review-round5.md#1,learning_reviewer,2026-08-15
layout-big-type,layout,portfolio-layout,src/layouts/big-type.css,specimens/learning/items/layout-big-type.json,PASS_STATIC_R5,PASS_STATIC_R5,PASS_STATIC_RELEVANCE_R5,PASS_STATIC_R5,PASS_RUNTIME_PROTOCOL_R5,PASS_RUNTIME_DESKTOP_R5,PASS_RUNTIME_NARROW_R5,PASS_STATIC_SEMANTICS_R5,PASS_RUNTIME_REDUCED_R5,PASS_MODEL_R5,PASS,docs/history/2026-08-15-learning-system-v1/reviews/learning-tutorial-review-round5.md#1,learning_reviewer,2026-08-15
layout-z-pattern,layout,portfolio-layout,src/layouts/z-pattern.css,specimens/learning/items/layout-z-pattern.json,PASS_STATIC_R5,PASS_STATIC_R5,PASS_STATIC_RELEVANCE_R5,PASS_STATIC_R5,PASS_RUNTIME_PROTOCOL_R5,PASS_RUNTIME_DESKTOP_R5,PASS_RUNTIME_NARROW_R5,PASS_RUNTIME_ORDERED_NAV_R5,PASS_RUNTIME_REDUCED_R5,PASS_MODEL_R5,PASS,docs/history/2026-08-15-learning-system-v1/reviews/learning-tutorial-review-round5.md#5,learning_reviewer,2026-08-15
layout-f-pattern,layout,portfolio-layout,src/layouts/f-pattern.css,specimens/learning/items/layout-f-pattern.json,PASS_STATIC_R5,PASS_STATIC_R5,PASS_STATIC_RELEVANCE_R5,PASS_STATIC_R5,PASS_RUNTIME_PROTOCOL_R5,PASS_RUNTIME_DESKTOP_R5,PASS_RUNTIME_NARROW_R5,PASS_STATIC_SEMANTICS_R5,PASS_RUNTIME_REDUCED_R5,PASS_MODEL_R5,PASS,docs/history/2026-08-15-learning-system-v1/reviews/learning-tutorial-review-round5.md#1,learning_reviewer,2026-08-15
layout-axis,layout,portfolio-layout,src/layouts/axis.css,specimens/learning/items/layout-axis.json,PASS_STATIC_R5,PASS_STATIC_R5,PASS_STATIC_RELEVANCE_R5,PASS_STATIC_R5,PASS_RUNTIME_PROTOCOL_R5,PASS_RUNTIME_DESKTOP_R5,PASS_RUNTIME_NARROW_R5,PASS_STATIC_SEMANTICS_R5,PASS_RUNTIME_REDUCED_R5,PASS_MODEL_R5,PASS,docs/history/2026-08-15-learning-system-v1/reviews/learning-tutorial-review-round5.md#1,learning_reviewer,2026-08-15
layout-floating,layout,portfolio-layout,src/layouts/floating.css,specimens/learning/items/layout-floating.json,PASS_STATIC_R3,PASS_STATIC_R3,PASS_STATIC_RELEVANCE_R3,PASS_STATIC_R3,PASS_RUNTIME_PROTOCOL_R5,PASS_RUNTIME_DESKTOP_R5,PASS_RUNTIME_NARROW_R5,PASS_RUNTIME_TOUCH_KEYBOARD_R5,PASS_RUNTIME_REDUCED_R5,PASS_MODEL_R3,PASS,docs/history/2026-08-15-learning-system-v1/reviews/learning-tutorial-review-round5.md#5,learning_reviewer,2026-08-15
layout-index-page,layout,portfolio-layout,src/layouts/index-page.css,specimens/learning/items/layout-index-page.json,PASS_STATIC_R5,PASS_STATIC_R5,PASS_STATIC_RELEVANCE_R5,PASS_STATIC_R5,PASS_RUNTIME_PROTOCOL_R5,PASS_RUNTIME_DESKTOP_R5,PASS_RUNTIME_NARROW_R5,PASS_STATIC_SEMANTICS_R5,PASS_RUNTIME_REDUCED_R5,PASS_MODEL_R5,PASS,docs/history/2026-08-15-learning-system-v1/reviews/learning-tutorial-review-round5.md#1,learning_reviewer,2026-08-15
layout-collage,layout,portfolio-layout,src/layouts/collage.css,specimens/learning/items/layout-collage.json,PASS_STATIC_R3,PASS_STATIC_R3,PASS_STATIC_RELEVANCE_R3,PASS_STATIC_R3,PASS_RUNTIME_PROTOCOL_R5,PASS_RUNTIME_DESKTOP_R5,PASS_RUNTIME_NARROW_R5,PASS_STATIC_SEMANTICS_R5,PASS_RUNTIME_REDUCED_R5,PASS_MODEL_R3,PASS,docs/history/2026-08-15-learning-system-v1/reviews/learning-tutorial-review-round3.md#2,learning_reviewer,2026-08-15
layout-one-screen,layout,portfolio-layout,src/layouts/one-screen.css,specimens/learning/items/layout-one-screen.json,PASS_STATIC_R3,PASS_STATIC_R3,PASS_STATIC_RELEVANCE_R3,PASS_STATIC_R3,PASS_RUNTIME_PROTOCOL_R5,PASS_RUNTIME_DESKTOP_R5,PASS_RUNTIME_NARROW_R5,PASS_STATIC_SEMANTICS_R5,PASS_RUNTIME_REDUCED_R5,PASS_MODEL_R3,PASS,docs/history/2026-08-15-learning-system-v1/reviews/learning-tutorial-review-round3.md#2,learning_reviewer,2026-08-15
layout-cta-first,layout,portfolio-layout,src/layouts/cta-first.css,specimens/learning/items/layout-cta-first.json,PASS_STATIC_R5,PASS_STATIC_R5,PASS_STATIC_RELEVANCE_R5,PASS_STATIC_R5,PASS_RUNTIME_PROTOCOL_R5,PASS_RUNTIME_DESKTOP_R5,PASS_RUNTIME_NARROW_R5,PASS_RUNTIME_ORDERED_NAV_R5,PASS_RUNTIME_REDUCED_R5,PASS_MODEL_R5,PASS,docs/history/2026-08-15-learning-system-v1/reviews/learning-tutorial-review-round5.md#5,learning_reviewer,2026-08-15
layout-compare,layout,portfolio-layout,src/layouts/compare.css,specimens/learning/items/layout-compare.json,PASS_STATIC_R5,PASS_STATIC_R5,PASS_STATIC_RELEVANCE_R5,PASS_STATIC_R5,PASS_RUNTIME_PROTOCOL_R5,PASS_RUNTIME_DESKTOP_R5,PASS_RUNTIME_NARROW_R5,PASS_STATIC_SEMANTICS_R5,PASS_RUNTIME_REDUCED_R5,PASS_MODEL_R5,PASS,docs/history/2026-08-15-learning-system-v1/reviews/learning-tutorial-review-round5.md#1,learning_reviewer,2026-08-15
css-ocean-wave,static,static,specimens/items/css-ocean-wave,specimens/learning/items/css-ocean-wave.json,PASS_STATIC_R3,PASS_STATIC_R3,PASS_RUNTIME_PARTIAL_R3,PASS_STATIC_R3,PASS_RUNTIME_PROTOCOL_R5,PASS_RUNTIME_DESKTOP_R5,PASS_RUNTIME_NARROW_R5,PASS_STATIC_SEMANTICS_R5,PASS_RUNTIME_REDUCED_R5,PASS_MODEL_R3,PASS,docs/history/2026-08-15-learning-system-v1/reviews/learning-tutorial-review-round3.md#2,learning_reviewer,2026-08-15
time-gallery-webgl,static,static,specimens/items/time-gallery-webgl,specimens/learning/items/time-gallery-webgl.json,PASS_STATIC_R3,PASS_STATIC_R3,PASS_STATIC_RELEVANCE_R3,PASS_STATIC_R3,PASS_RUNTIME_PROTOCOL_R5,PASS_RUNTIME_DESKTOP_R5,PASS_RUNTIME_NARROW_R5,PASS_RUNTIME_KEYBOARD_R5,PASS_RUNTIME_REDUCED_R5,PASS_MODEL_R3,PASS,docs/history/2026-08-15-learning-system-v1/reviews/learning-tutorial-review-round3.md#2,learning_reviewer,2026-08-15
